login,full_name,created_at,stargazers_count,watchers_count,language,has_projects,has_wiki,license_name
peng-zhihui,peng-zhihui/Dummy-Robot,2021-10-07T11:42:58Z,12220,12220,C,True,True,
peng-zhihui,peng-zhihui/HoloCubic,2021-01-07T03:24:11Z,6073,6073,C,True,True,GNU General Public License v3.0
peng-zhihui,peng-zhihui/ElectronBot,2022-03-11T09:24:44Z,7972,7972,C,True,True,GNU General Public License v3.0
peng-zhihui,peng-zhihui/agibot_x1_hardware,2024-10-24T08:57:19Z,57,57,,True,False,
peng-zhihui,peng-zhihui/Planck-Pi,2022-04-05T08:47:08Z,1293,1293,HTML,True,True,GNU General Public License v3.0
peng-zhihui,peng-zhihui/XUAN,2021-06-05T23:03:09Z,5444,5444,,True,True,
peng-zhihui,peng-zhihui/OpenHeat,2021-09-05T03:16:07Z,955,955,C,True,True,
peng-zhihui,peng-zhihui/SerialChart,2021-05-23T10:53:15Z,601,601,Makefile,True,True,
peng-zhihui,peng-zhihui/agibot_x1_train,2024-10-24T05:25:33Z,28,28,,True,False,
peng-zhihui,peng-zhihui/agibot_x1_infer,2024-10-24T05:25:27Z,25,25,,True,False,Other
peng-zhihui,peng-zhihui/MiniRover-Hardware,2020-09-04T09:52:16Z,589,589,C,True,True,
peng-zhihui,peng-zhihui/HelloWord-Keyboard,2022-07-30T09:00:25Z,6093,6093,C,True,True,GNU General Public License v3.0
peng-zhihui,peng-zhihui/ONE-Robot,2020-02-15T10:20:13Z,708,708,C,True,True,
peng-zhihui,peng-zhihui/Ctrl-FOC-Lite,2021-08-07T10:21:34Z,1063,1063,C,True,True,
peng-zhihui,peng-zhihui/BluetoothTouch,2020-11-26T14:51:25Z,490,490,Java,True,True,GNU General Public License v3.0
peng-zhihui,peng-zhihui/L-ink_Card,2020-06-20T10:49:48Z,7332,7332,C,True,True,GNU General Public License v3.0
peng-zhihui,peng-zhihui/ST-Link-Nano,2020-12-23T07:23:14Z,866,866,,True,True,GNU General Public License v3.0
peng-zhihui,peng-zhihui/HDMI-PI,2020-10-19T03:04:32Z,5788,5788,C,True,True,
peng-zhihui,peng-zhihui/DeepVision,2020-07-27T11:10:17Z,1885,1885,Java,True,True,GNU General Public License v3.0
peng-zhihui,peng-zhihui/PocketLCD,2020-11-28T10:07:09Z,6161,6161,,True,True,GNU General Public License v3.0
peng-zhihui,peng-zhihui/GrblHost,2021-05-22T15:22:21Z,173,173,C++,True,True,
peng-zhihui,peng-zhihui/ESP32-PicoDK,2021-05-19T03:00:10Z,1191,1191,C,True,True,
peng-zhihui,peng-zhihui/Project-Quantum,2020-04-29T07:44:47Z,3163,3163,,True,True,GNU General Public License v3.0
peng-zhihui,peng-zhihui/FingerBoard,2019-05-13T08:08:12Z,403,403,C++,True,True,
peng-zhihui,peng-zhihui/A-Eye,2019-10-02T15:54:46Z,1181,1181,C,True,True,
peng-zhihui,peng-zhihui/Peak,2021-10-10T05:12:44Z,1692,1692,C,True,True,
peng-zhihui,peng-zhihui/AimRT,2024-09-23T10:32:35Z,72,72,,True,True,Other
peng-zhihui,peng-zhihui/TrafficMonitor,2022-05-08T15:39:32Z,296,296,,True,True,Other
peng-zhihui,peng-zhihui/CycloidAcuratorNano,2021-11-27T12:55:03Z,482,482,,True,True,
peng-zhihui,peng-zhihui/imGUI-Template,2023-01-14T11:47:18Z,183,183,C++,True,True,
peng-zhihui,peng-zhihui/FaceAPP-Arduino,2017-02-22T16:40:14Z,82,82,C++,True,True,
peng-zhihui,peng-zhihui/StanfordQuadruped,2020-08-03T03:52:34Z,163,163,,True,True,MIT License
peng-zhihui,peng-zhihui/GRBL_for_STM32,2020-08-02T05:15:09Z,185,185,C,True,True,GNU General Public License v3.0
peng-zhihui,peng-zhihui/RPi-Base,2021-01-08T07:39:05Z,116,116,,True,True,
peng-zhihui,peng-zhihui/Make-Sense,2021-02-26T11:22:43Z,89,89,TypeScript,True,True,GNU General Public License v3.0
peng-zhihui,peng-zhihui/X-TRACK,2021-07-18T09:02:09Z,252,252,C,True,True,GNU General Public License v3.0
peng-zhihui,peng-zhihui/linux,2020-04-29T07:12:43Z,94,94,,True,False,Other
peng-zhihui,peng-zhihui/LANDrop,2021-12-16T14:34:09Z,163,163,,True,False,"BSD 3-Clause ""New"" or ""Revised"" License"
peng-zhihui,peng-zhihui/GL-MT1300_Plugin,2021-12-13T07:26:44Z,59,59,,True,True,MIT License
peng-zhihui,peng-zhihui/graspnet-baseline,2021-08-10T12:16:16Z,80,80,,True,True,Other
peng-zhihui,peng-zhihui/Voron-2,2021-08-07T10:19:08Z,96,96,,True,False,GNU General Public License v3.0
peng-zhihui,peng-zhihui/GE-Switch,2020-12-27T14:16:55Z,143,143,,True,True,
peng-zhihui,peng-zhihui/mindspore,2020-12-16T06:04:09Z,84,84,,True,True,Apache License 2.0
peng-zhihui,peng-zhihui/STM32MP1-SOM,2020-10-05T15:04:52Z,112,112,,True,True,
peng-zhihui,peng-zhihui/u-boot,2020-04-29T07:11:41Z,61,61,,True,False,
peng-zhihui,peng-zhihui/BilibiliLottery,2020-03-28T14:40:45Z,222,222,HTML,True,True,
peng-zhihui,peng-zhihui/python-periphery,2019-11-25T07:36:24Z,101,101,,True,True,MIT License
peng-zhihui,peng-zhihui/simple-docker-ui,2019-02-28T10:00:19Z,52,52,Scala,True,True,MIT License
peng-zhihui,peng-zhihui/CoolFormat,2019-01-03T05:20:32Z,51,51,C++,True,True,
peng-zhihui,peng-zhihui/X-CUBE-USB-PD,2018-06-25T08:53:09Z,55,55,C,True,True,
peng-zhihui,peng-zhihui/KinoMotion,2017-11-21T16:39:27Z,48,48,C#,True,False,MIT License
peng-zhihui,peng-zhihui/arduino-boost,2017-05-17T06:28:34Z,54,54,C++,True,True,Boost Software License 1.0
peng-zhihui,peng-zhihui/Roboard-Pro,2017-05-31T13:25:05Z,130,130,C,True,True,
peng-zhihui,peng-zhihui/CtrlAPP-Arduino,2017-03-23T06:20:58Z,72,72,C++,True,True,
peng-zhihui,peng-zhihui/TraceAPP-Arduino,2017-03-17T13:18:41Z,84,84,C++,True,True,
peng-zhihui,peng-zhihui/Cheese-UESTC,2016-12-17T15:19:33Z,107,107,JavaScript,True,True,
peng-zhihui,peng-zhihui/InteractiveHtmlBom,2022-04-23T14:09:57Z,56,56,,True,True,MIT License
peng-zhihui,peng-zhihui/Webots,2022-10-24T09:46:22Z,57,57,,True,True,Apache License 2.0
peng-zhihui,peng-zhihui/spdlog,2023-05-19T01:57:03Z,45,45,,True,True,Other
ruanyf,ruanyf/free-books,2019-08-19T08:24:38Z,14932,14932,,True,True,
ruanyf,ruanyf/weekly,2018-10-13T12:36:07Z,47421,47421,,True,True,
ruanyf,ruanyf/document-style-guide,2016-10-12T11:49:56Z,11975,11975,,True,True,
ruanyf,ruanyf/jstraining,2016-10-27T12:00:26Z,19481,19481,,True,True,
ruanyf,ruanyf/es6tutorial,2014-04-20T13:06:28Z,21248,21248,JavaScript,True,True,Other
ruanyf,ruanyf/react-demos,2015-03-23T10:50:07Z,16270,16270,JavaScript,True,True,
ruanyf,ruanyf/articles,2015-10-26T09:12:54Z,955,955,Makefile,True,True,
ruanyf,ruanyf/webpack-demos,2015-08-14T03:15:35Z,9597,9597,JavaScript,True,True,
ruanyf,ruanyf/simple-bash-scripts,2016-03-13T10:42:17Z,1646,1646,Shell,False,False,
ruanyf,ruanyf/es-checker,2015-06-29T11:02:58Z,1021,1021,JavaScript,True,True,
ruanyf,ruanyf/loppo,2016-12-14T04:47:49Z,738,738,JavaScript,True,True,
ruanyf,ruanyf/jstutorial,2012-11-21T17:48:47Z,5415,5415,CSS,True,True,Other
ruanyf,ruanyf/markdown-it-katex,2024-06-03T01:15:55Z,12,12,JavaScript,True,True,Other
ruanyf,ruanyf/reading-list,2016-02-09T11:49:32Z,1343,1343,,True,True,
ruanyf,ruanyf/wechat-format,2023-10-19T03:33:25Z,36,36,JavaScript,True,True,
ruanyf,ruanyf/blog-stylesheet,2019-10-11T17:46:46Z,15,15,CSS,True,True,
ruanyf,ruanyf/fortunes,2015-04-12T04:28:03Z,339,339,,True,True,
ruanyf,ruanyf/wechat-miniprogram-demos,2020-09-19T12:57:29Z,685,685,,True,True,
ruanyf,ruanyf/Google-Calendar-Lite,2012-09-19T15:45:19Z,40,40,CSS,True,True,
ruanyf,ruanyf/Formula-Online-Generator,2011-07-10T02:03:22Z,12,12,,True,True,
ruanyf,ruanyf/mocha-demos,2015-12-03T00:24:05Z,255,255,JavaScript,True,True,
ruanyf,ruanyf/github-actions-demo,2019-09-11T01:31:45Z,136,136,JavaScript,True,True,
ruanyf,ruanyf/sina-news,2020-12-14T12:56:35Z,137,137,JavaScript,True,True,
ruanyf,ruanyf/node-oauth-demo,2019-04-14T14:52:23Z,324,324,JavaScript,True,True,
ruanyf,ruanyf/survivor,2016-12-19T04:27:18Z,330,330,CSS,True,False,
ruanyf,ruanyf/koa-demos,2017-08-04T03:40:01Z,486,486,,True,True,
ruanyf,ruanyf/koa-simple-server,2019-09-03T13:30:23Z,23,23,JavaScript,True,True,
ruanyf,ruanyf/book-computer-networks,2018-08-25T02:27:22Z,602,602,,True,True,
ruanyf,ruanyf/markdown-it-image-lazy-loading,2019-08-13T07:10:42Z,57,57,JavaScript,True,True,
ruanyf,ruanyf/react-babel-webpack-boilerplate,2015-11-26T09:28:27Z,1147,1147,JavaScript,True,True,
ruanyf,ruanyf/chrome-extension-demo,2018-09-28T09:29:36Z,304,304,JavaScript,True,True,
ruanyf,ruanyf/road,2017-01-22T12:54:40Z,153,153,CSS,True,False,
ruanyf,ruanyf/css-modules-demos,2016-06-03T15:10:33Z,397,397,JavaScript,True,True,
ruanyf,ruanyf/tiny-browser-require,2015-05-22T04:31:56Z,240,240,JavaScript,True,True,MIT License
ruanyf,ruanyf/hnsummary,2023-09-08T09:12:13Z,4,4,JavaScript,True,False,
ruanyf,ruanyf/markdown-it-implicit-figures,2024-06-11T02:44:30Z,4,4,JavaScript,True,True,MIT License
ruanyf,ruanyf/jekyll_demo,2012-08-25T05:18:39Z,22,22,,True,True,
ruanyf,ruanyf/flux-todomvc-demo,2015-08-20T10:33:32Z,50,50,CSS,True,True,
ruanyf,ruanyf/extremely-simple-flux-demo,2015-08-17T05:40:24Z,444,444,JavaScript,True,False,
ruanyf,ruanyf/weather-action,2019-12-21T13:27:08Z,115,115,Shell,True,True,
ruanyf,ruanyf/turpan,2017-03-22T11:00:03Z,29,29,JavaScript,True,True,
ruanyf,ruanyf/travis-ci-demo,2014-03-26T09:15:40Z,76,76,,True,True,
ruanyf,ruanyf/openrecord-demos,2019-02-13T06:35:27Z,73,73,,True,True,
ruanyf,ruanyf/user-tracking-demos,2019-04-14T14:09:11Z,91,91,JavaScript,True,True,
ruanyf,ruanyf/worker-short-url,2023-11-27T05:59:11Z,11,11,JavaScript,True,True,
ruanyf,ruanyf/dotfiles,2014-11-04T06:53:46Z,7,7,Shell,True,True,
ruanyf,ruanyf/react-testing-demo,2016-02-05T06:54:41Z,214,214,JavaScript,True,True,
ruanyf,ruanyf/lvv2-feed,2020-12-13T07:29:27Z,17,17,JavaScript,True,True,
ruanyf,ruanyf/webpack-static-site-demo,2016-05-18T05:31:03Z,33,33,JavaScript,True,True,
ruanyf,ruanyf/rpio-led-demo,2017-06-14T01:25:16Z,26,26,JavaScript,True,True,
ruanyf,ruanyf/hn,2020-03-09T06:14:07Z,27,27,JavaScript,True,True,
ruanyf,ruanyf/nilka,2018-07-22T13:20:15Z,40,40,JavaScript,True,True,
ruanyf,ruanyf/website,2018-05-13T11:21:21Z,63,63,HTML,True,True,
ruanyf,ruanyf/kindle_clippings_processor,2013-05-06T12:53:49Z,11,11,Python,True,True,
ruanyf,ruanyf/wp-twitter-tools,2012-10-19T09:51:11Z,3,3,PHP,True,True,
ruanyf,ruanyf/ditto,2014-04-20T12:04:33Z,7,7,JavaScript,True,True,
ruanyf,ruanyf/pullup,2014-02-16T09:30:40Z,2,2,CSS,True,True,MIT License
ruanyf,ruanyf/google-map,2014-07-11T12:23:13Z,5,5,,True,True,
ruanyf,ruanyf/slides,2014-11-23T14:23:17Z,3,3,JavaScript,True,True,
ruanyf,ruanyf/node_memcached,2014-12-05T02:29:35Z,3,3,JavaScript,True,True,
ruanyf,ruanyf/twitter-rest-api-server,2015-03-27T11:15:36Z,4,4,JavaScript,True,True,
ruanyf,ruanyf/eslint-plugin-ignoreuglify,2016-05-11T09:38:31Z,3,3,JavaScript,True,True,
ruanyf,ruanyf/node-systemd-demo,2016-03-11T03:39:34Z,20,20,JavaScript,True,True,
ruanyf,ruanyf/markdown-it-emphasis-alt,2017-06-13T07:44:03Z,2,2,JavaScript,True,True,MIT License
ruanyf,ruanyf/markdown-it-toc-and-anchor,2016-09-29T05:37:36Z,3,3,JavaScript,True,True,MIT License
ruanyf,ruanyf/loppo-theme-oceandeep,2016-12-08T04:37:33Z,13,13,JavaScript,True,True,
ruanyf,ruanyf/markdown-it,2017-02-20T06:21:42Z,7,7,JavaScript,True,True,MIT License
ruanyf,ruanyf/turpan-remove-space,2017-07-06T13:50:42Z,9,9,JavaScript,True,True,
ruanyf,ruanyf/redux-docs,2016-12-13T11:55:52Z,16,16,JavaScript,True,False,MIT License
ruanyf,ruanyf/loppo-theme-ryf,2017-12-30T11:44:51Z,11,11,CSS,True,True,
ruanyf,ruanyf/css-in-readme-like-wat,2020-12-09T01:32:34Z,3,3,,True,False,
ruanyf,ruanyf/tarim,2017-09-14T22:47:48Z,13,13,JavaScript,True,True,
phodal,phodal/github,2015-03-09T14:50:58Z,10129,10129,Rich Text Format,True,False,
phodal,phodal/growth-ebook,2016-02-21T14:37:32Z,7791,7791,HTML,True,True,Other
phodal,phodal/aigc,2023-06-22T13:42:41Z,1377,1377,Rust,True,False,
phodal,phodal/ideabook,2016-04-10T01:15:48Z,3759,3759,HTML,True,True,Creative Commons Zero v1.0 Universal
phodal,phodal/understand-prompt,2023-02-19T01:22:52Z,4255,4255,Jupyter Notebook,True,True,
phodal,phodal/prompt-patterns,2023-02-21T14:09:29Z,2950,2950,,True,True,
phodal,phodal/shire,2024-05-31T09:00:22Z,149,149,Kotlin,True,True,Mozilla Public License 2.0
phodal,phodal/migration,2020-01-08T02:11:38Z,3421,3421,Java,True,True,Other
phodal,phodal/awesome-iot-projects,2017-04-25T01:03:02Z,124,124,,True,True,
phodal,phodal/valentine,2015-01-22T01:14:50Z,81,81,JavaScript,True,True,MIT License
phodal,phodal/licenses,2017-09-21T09:26:38Z,279,279,HTML,True,True,Other
phodal,phodal/frontend,2019-01-15T12:59:20Z,147,147,HTML,True,True,Other
phodal,phodal/coca,2019-10-22T15:00:51Z,958,958,Go,True,True,Mozilla Public License 2.0
phodal,phodal/ledge,2020-03-09T08:29:22Z,2143,2143,TypeScript,True,True,Mozilla Public License 2.0
phodal,phodal/microfrontends,2018-04-01T03:18:10Z,3081,3081,,True,True,
phodal,phodal/designiot,2014-08-10T07:38:04Z,2203,2203,HTML,True,False,Other
phodal,phodal/eks,2015-08-31T12:44:56Z,563,563,,True,True,
phodal,phodal/chapi,2020-02-01T04:03:53Z,269,269,Kotlin,True,True,Mozilla Public License 2.0
phodal,phodal/awesome-iot,2015-09-13T12:54:16Z,4321,4321,Python,True,True,MIT License
phodal,phodal/aise,2024-07-01T05:42:34Z,85,85,,True,True,
phodal,phodal/ideas,2015-06-08T13:56:29Z,951,951,,True,False,
phodal,phodal/iot,2013-12-21T13:01:40Z,1174,1174,Python,True,False,MIT License
phodal,phodal/architecture,2016-06-29T23:47:07Z,9,9,HTML,True,True,Creative Commons Zero v1.0 Universal
phodal,phodal/dx-book,2021-10-15T07:56:57Z,286,286,Shell,True,True,Creative Commons Attribution 4.0 International
phodal,phodal/javascript-refactor,2015-06-18T09:32:30Z,80,80,JavaScript,True,True,MIT License
phodal,phodal/echoesworks,2015-06-02T15:05:24Z,107,107,JavaScript,True,True,MIT License
phodal,phodal/learning-ionic,2015-03-15T05:22:39Z,31,31,JavaScript,True,True,
phodal,phodal/learning-data,2015-04-27T13:38:36Z,28,28,JavaScript,True,True,
phodal,phodal/lan,2015-07-29T00:38:24Z,567,567,JavaScript,True,True,MIT License
phodal,phodal/skilltree,2015-02-05T13:15:37Z,957,957,JavaScript,True,True,MIT License
phodal,phodal/growth-api-awesome,2017-05-15T13:10:59Z,16,16,JavaScript,True,True,MIT License
phodal,phodal/articles,2016-04-09T07:04:01Z,912,912,Makefile,False,False,Creative Commons Zero v1.0 Universal
phodal,phodal/toolbox,2016-04-25T14:12:49Z,910,910,HTML,True,True,
phodal,phodal/aofe.code,2018-08-29T04:56:47Z,382,382,JavaScript,True,True,Other
phodal,phodal/ascode.ink,2020-03-21T07:36:45Z,93,93,,True,True,Mozilla Public License 2.0
phodal,phodal/booktree,2015-12-17T13:03:46Z,1043,1043,JavaScript,True,True,Creative Commons Zero v1.0 Universal
phodal,phodal/growth-in-action,2016-03-23T16:36:49Z,2507,2507,HTML,True,True,Creative Commons Zero v1.0 Universal
phodal,phodal/quake,2021-11-17T13:41:27Z,443,443,Rust,True,True,MIT License
phodal,phodal/evolution,2016-10-08T13:59:47Z,248,248,HTML,True,True,Other
phodal,phodal/adr,2017-11-22T02:02:30Z,262,262,TypeScript,True,True,MIT License
phodal,phodal/developer,2015-02-28T15:01:11Z,1712,1712,Makefile,True,False,Creative Commons Zero v1.0 Universal
phodal,phodal/serverless,2017-10-29T07:31:03Z,1752,1752,HTML,True,True,Other
phodal,phodal/new-project-checklist,2019-03-05T01:50:21Z,352,352,JavaScript,True,True,MIT License
phodal,phodal/tangping,2021-05-28T12:47:39Z,708,708,,True,True,The Unlicense
phodal,phodal/2md,2017-04-17T05:09:40Z,153,153,JavaScript,True,True,MIT License
phodal,phodal/lettuce,2015-01-02T10:17:37Z,122,122,JavaScript,True,True,MIT License
phodal,phodal/congee,2015-10-25T14:25:40Z,67,67,JavaScript,True,True,MIT License
phodal,phodal/solla,2017-12-27T13:48:18Z,4,4,TypeScript,True,True,
phodal,phodal/trusted,2019-09-25T14:12:31Z,139,139,,True,True,
phodal,phodal/phodaldev,2014-01-13T12:31:51Z,75,75,JavaScript,True,True,
phodal,phodal/lowcode,2020-02-21T05:51:27Z,289,289,,True,True,
phodal,phodal/fe,2017-01-18T14:58:10Z,2016,2016,HTML,True,True,Other
phodal,phodal/thesis,2014-10-23T12:08:15Z,39,39,TeX,True,True,Other
phodal,phodal/ebook-boilerplate,2015-11-28T13:06:40Z,437,437,CSS,True,True,MIT License
phodal,phodal/weapp-quick,2016-09-22T09:15:52Z,473,473,JavaScript,True,True,
phodal,phodal/sherlock,2015-02-27T04:02:31Z,674,674,JavaScript,True,True,MIT License
phodal,phodal/mooa,2018-03-08T07:15:27Z,850,850,TypeScript,True,True,Other
phodal,phodal/phodit,2018-07-16T13:58:58Z,335,335,TypeScript,True,True,MIT License
phodal,phodal/make,2017-08-15T15:28:49Z,202,202,HTML,True,True,Other
phodal,phodal/modernization,2022-02-17T00:36:58Z,536,536,,True,True,
phodal,phodal/Yi,2024-03-04T10:51:56Z,1,1,,True,True,Apache License 2.0
phodal,phodal/phodal,2015-12-22T13:18:45Z,11,11,,True,True,
phodal,phodal/weapp-webdemo,2016-09-24T08:51:56Z,269,269,JavaScript,True,True,
phodal,phodal/fde,2019-04-07T23:27:16Z,193,193,,True,True,MIT License
phodal,phodal/clean-frontend,2019-04-04T05:17:30Z,824,824,TypeScript,True,True,
phodal,phodal/diaonan,2015-01-13T08:50:56Z,141,141,CSS,True,True,MIT License
phodal,phodal/awesome-iot-document,2014-11-27T15:37:27Z,340,340,,True,False,Other
phodal,phodal/setup.guide,2019-01-19T00:56:17Z,110,110,,True,True,MIT License
phodal,phodal/techlead,2019-01-21T14:38:12Z,210,210,TypeScript,True,True,MIT License
phodal,phodal/growth-ionic,2015-12-27T01:35:48Z,2159,2159,TypeScript,True,True,MIT License
phodal,phodal/cloud-dev,2019-12-23T13:07:23Z,232,232,,True,True,Mozilla Public License 2.0
phodal,phodal/gmap-solr,2015-02-12T11:36:26Z,4,4,JavaScript,True,True,
phodal,phodal/growth-code,2016-10-16T23:26:21Z,57,57,Python,True,True,MIT License
phodal,phodal/awesome-smart-speaker,2017-08-27T09:31:51Z,43,43,,True,True,MIT License
phodal,phodal/design,2019-11-22T01:00:23Z,40,40,Go,True,True,MIT License
phodal,phodal/growth-roadmap,2016-07-22T03:23:04Z,410,410,CSS,True,True,Creative Commons Zero v1.0 Universal
phodal,phodal/md,2016-11-22T03:08:17Z,184,184,JavaScript,True,True,Other
phodal,phodal/growth,2017-05-05T04:57:00Z,1280,1280,JavaScript,True,True,Other
phodal,phodal/sgit,2022-07-23T09:14:07Z,3,3,Rust,True,True,MIT License
phodal,phodal/compose-base-on-dsl,2022-01-16T02:58:57Z,2,2,TypeScript,True,True,MIT License
phodal,phodal/story,2019-11-20T12:17:36Z,5,5,Go,True,True,MIT License
phodal,phodal/ml,2014-04-10T11:43:09Z,16,16,Python,True,True,
phodal,phodal/content-helper,2019-09-18T03:02:56Z,7,7,JavaScript,True,True,
phodal,phodal/ionic-elasticsearch,2015-04-22T13:03:45Z,47,47,JavaScript,True,True,
phodal,phodal/fed,2017-04-24T14:01:36Z,60,60,HTML,True,True,MIT License
phodal,phodal/awesome-hardware-cheatsheet,2017-08-30T01:45:55Z,15,15,,True,True,
phodal,phodal/repractise,2015-08-12T12:29:34Z,700,700,HTML,True,True,
phodal,phodal/smart-home,2017-06-06T15:04:36Z,155,155,C++,True,True,MIT License
phodal,phodal/my-chatflow,2023-03-19T12:23:34Z,11,11,TypeScript,True,True,MIT License
phodal,phodal/awesome-practise-project,2016-07-25T08:19:51Z,45,45,JavaScript,True,True,Creative Commons Zero v1.0 Universal
phodal,phodal/onmap,2014-03-22T02:48:13Z,15,15,Python,True,True,
phodal,phodal/tmall-x1-home-assistant-example,2017-08-11T00:46:13Z,28,28,,True,True,
phodal,phodal/oculus-nodejs-threejs-example,2015-11-21T08:14:59Z,297,297,JavaScript,True,True,
phodal,phodal/mifa,2017-12-27T13:46:34Z,136,136,CSS,True,True,MIT License
phodal,phodal/iot-coap,2014-08-13T13:58:59Z,122,122,JavaScript,True,True,MIT License
phodal,phodal/aofe.images,2019-06-14T16:03:37Z,160,160,,True,True,
phodal,phodal/dore,2017-12-17T08:30:52Z,57,57,JavaScript,True,True,MIT License
phodal,phodal/mole,2016-08-21T07:26:02Z,220,220,JavaScript,True,True,MIT License
phodal,phodal/bdd-frameworks-compare,2017-10-16T03:47:58Z,22,22,HTML,True,True,
phodal,phodal/layer-architecture,2019-12-07T08:00:57Z,70,70,Java,True,True,MIT License
phodal,phodal/inception,2019-07-21T12:15:01Z,22,22,JavaScript,True,True,
phodal,phodal/daily,2019-01-01T11:45:53Z,61,61,CSS,True,False,
phodal,phodal/winv,2016-09-27T05:05:35Z,92,92,CSS,True,True,MIT License
phodal,phodal/powermd,2020-03-04T05:32:39Z,17,17,JavaScript,True,True,Mozilla Public License 2.0
phodal,phodal/couplet,2017-01-16T10:02:36Z,13,13,,True,True,
phodal,phodal/brand,2016-04-21T14:55:09Z,98,98,Python,True,True,Creative Commons Zero v1.0 Universal
phodal,phodal/techstack,2015-12-22T06:46:10Z,28,28,JavaScript,True,True,
phodal,phodal/rust-in-practise,2020-07-05T12:39:29Z,3,3,C,True,True,MIT License
phodal,phodal/growth-leetcode-api,2017-06-05T01:38:26Z,4,4,JavaScript,True,True,
phodal,phodal/pao,2019-11-01T02:38:48Z,4,4,TypeScript,True,True,Mozilla Public License 2.0
phodal,phodal/stepping,2017-03-20T14:13:20Z,68,68,TypeScript,True,True,Other
phodal,phodal/dilay,2019-08-22T07:38:39Z,27,27,TypeScript,True,True,MIT License
phodal,phodal/oadsl,2018-06-21T12:52:48Z,6,6,TypeScript,True,True,MIT License
phodal,phodal/awesome-cloud-dev,2020-02-24T11:44:54Z,5,5,,True,True,
phodal,phodal/react-resume,2015-04-01T01:50:31Z,26,26,JavaScript,True,True,
phodal,phodal/phodit-editor,2018-07-19T01:44:38Z,1,1,JavaScript,True,False,MIT License
phodal,phodal/rust-llvm-practises,2020-11-11T11:22:38Z,17,17,Rust,True,True,
phodal,phodal/vmap,2016-03-31T14:21:52Z,185,185,JavaScript,True,True,
phodal,phodal/componentless,2021-12-19T08:31:11Z,40,40,,True,True,MIT License
phodal,phodal/awesome-deepseek-coder,2023-12-20T13:13:04Z,0,0,,True,False,
phodal,phodal/mest,2018-03-28T13:48:16Z,28,28,TypeScript,True,True,MIT License
phodal,phodal/water,2021-01-09T02:36:32Z,99,99,,True,True,Mozilla Public License 2.0
phodal,phodal/app,2015-09-01T13:25:58Z,16,16,JavaScript,True,True,MIT License
phodal,phodal/moqi.mobi,2014-07-14T14:45:05Z,87,87,JavaScript,True,True,MIT License
phodal,phodal/iotks,2016-04-19T05:33:38Z,11,11,,True,True,Creative Commons Zero v1.0 Universal
phodal,phodal/growth-in-30-minutes,2016-11-18T14:57:55Z,92,92,,True,True,
phodal,phodal/Vite-React-Typescript-Railway-Template,2022-12-14T08:11:17Z,1,1,TypeScript,True,True,
phodal,phodal/oan,2018-04-11T04:39:11Z,44,44,TypeScript,True,True,MIT License
phodal,phodal/exemd,2020-06-27T15:03:23Z,18,18,Rust,True,True,Mozilla Public License 2.0
phodal,phodal/designiot-code,2015-10-14T14:17:03Z,31,31,JavaScript,True,True,MIT License
phodal,phodal/mdBook,2022-10-07T08:32:49Z,1,1,,True,True,Mozilla Public License 2.0
phodal,phodal/growth-in-action-code,2016-03-24T03:16:06Z,41,41,Python,True,True,MIT License
phodal,phodal/lumia,2014-04-05T08:39:32Z,7,7,JavaScript,True,True,
phodal,phodal/mifa-jekyll,2018-01-04T12:53:26Z,4,4,CSS,True,True,Creative Commons Zero v1.0 Universal
phodal,phodal/beautiful-content,2016-03-09T05:23:22Z,24,24,HTML,True,True,
phodal,phodal/rfcs,2023-02-17T06:52:05Z,0,0,,True,True,MIT License
phodal,phodal/railway-spring-mongodb-test,2022-12-14T06:29:06Z,0,0,Java,True,True,
phodal,phodal/github-action-heroku-react,2022-08-05T06:29:03Z,1,1,JavaScript,True,True,
phodal,phodal/github-action-heroku,2022-08-05T05:29:27Z,0,0,Java,True,True,MIT License
phodal,phodal/lumos,2021-10-01T02:57:30Z,0,0,Rust,True,True,MIT License
phodal,phodal/unflow-samples,2021-05-12T12:51:13Z,0,0,Rust,True,True,
phodal,phodal/conan,2021-04-30T09:18:49Z,0,0,Rust,True,True,
phodal,phodal/druid-xi,2021-04-28T15:06:19Z,0,0,Rust,True,True,
phodal,phodal/simple-image-tool,2021-04-21T15:36:38Z,1,1,Rust,True,True,MIT License
phodal,phodal/rust-dap,2021-04-02T06:03:34Z,1,1,Rust,True,True,
phodal,phodal/typing,2020-07-07T13:27:17Z,1,1,Rust,True,True,GNU General Public License v3.0
phodal,phodal/stadal,2020-07-02T12:34:15Z,11,11,Rust,True,True,
phodal,phodal/oss-archive,2020-06-05T07:21:14Z,1,1,HTML,True,True,
phodal,phodal/do,2020-03-10T13:50:50Z,2,2,HTML,True,True,
phodal,phodal/mdppt,2019-11-13T12:08:14Z,4,4,Python,True,True,
phodal,phodal/pepper,2019-11-11T13:26:14Z,1,1,Java,True,True,
phodal,phodal/pholedge,2019-10-13T01:49:58Z,5,5,Java,True,True,MIT License
phodal,phodal/mfe.slide,2019-06-22T08:45:53Z,3,3,HTML,True,True,
phodal,phodal/h,2018-10-23T00:55:24Z,1,1,HTML,True,True,
phodal,phodal/practise-webcomponents,2018-06-03T06:42:06Z,2,2,HTML,True,True,MIT License
phodal,phodal/viewflow-test,2018-02-06T03:07:10Z,0,0,Python,True,True,
phodal,phodal/dore-open,2017-12-20T14:37:18Z,1,1,Java,True,True,
phodal,phodal/diy-private-smart-speaker,2017-08-27T15:19:25Z,2,2,Python,True,True,MIT License
phodal,phodal/wasm-notes,2017-08-07T15:34:59Z,0,0,HTML,True,True,
phodal,phodal/test-android-hljs-issue,2017-07-12T13:40:10Z,0,0,HTML,True,True,
phodal,phodal/moregex,2017-06-28T00:30:14Z,0,0,HTML,True,True,
phodal,phodal/ms-workshop,2017-06-22T04:03:18Z,2,2,Java,True,True,
phodal,phodal/GrEditor,2017-05-22T09:33:51Z,0,0,HTML,True,True,
phodal,phodal/rn-cordova-test-web,2017-04-11T08:33:14Z,0,0,HTML,True,True,
phodal,phodal/mothings,2017-03-13T13:45:57Z,2,2,HTML,True,True,
phodal,phodal/colors,2016-11-28T12:30:35Z,2,2,HTML,True,True,
phodal,phodal/growth-studio,2016-10-19T08:47:05Z,4,4,Python,True,True,
phodal,phodal/ss,2016-08-25T04:18:15Z,0,0,Python,True,True,MIT License
phodal,phodal/mole-test,2016-08-23T01:27:44Z,0,0,HTML,True,True,MIT License
phodal,phodal/awesome-solutions,2016-07-20T23:18:30Z,1,1,HTML,True,True,Creative Commons Zero v1.0 Universal
phodal,phodal/jikeaiqing,2016-07-17T12:17:05Z,29,29,HTML,True,True,Creative Commons Zero v1.0 Universal
phodal,phodal/arch-code,2016-07-02T01:45:06Z,0,0,Java,True,True,MIT License
phodal,phodal/vmap-fang,2016-04-03T05:33:30Z,2,2,Python,True,True,MIT License
phodal,phodal/learning-scala,2016-03-28T05:33:26Z,0,0,HTML,True,True,Other
phodal,phodal/echoes,2015-05-12T14:44:56Z,14,14,Python,True,True,
phodal,phodal/intellij-learing,2014-01-19T05:04:00Z,4,4,Java,True,True,
phodal,phodal/iot-rest,2013-12-24T06:01:47Z,8,8,PHP,True,True,
phodal,phodal/learingphp,2013-10-22T11:45:58Z,12,12,JavaScript,True,True,
phodal,phodal/slides,2016-04-30T14:48:57Z,22,22,,True,True,Creative Commons Zero v1.0 Universal
phodal,phodal/mopass,2019-01-31T03:37:41Z,42,42,JavaScript,True,True,GNU General Public License v3.0
phodal,phodal/moform,2017-12-06T23:28:15Z,58,58,JavaScript,True,True,MIT License
phodal,phodal/wecode,2018-04-15T03:32:58Z,125,125,JavaScript,True,True,GNU General Public License v3.0
phodal,phodal/summary,2019-04-10T05:07:20Z,51,51,,True,True,The Unlicense
phodal,phodal/beageek,2014-03-22T03:21:14Z,7,7,Assembly,True,True,
phodal,phodal/innersource,2021-02-28T08:31:26Z,15,15,,True,True,MIT License
phodal,phodal/dou2,2017-07-20T05:26:11Z,50,50,,True,True,
phodal,phodal/workspace,2016-06-11T12:08:11Z,3,3,Arduino,True,True,MIT License
phodal,phodal/markdown,2017-11-22T15:17:37Z,5,5,,True,True,
phodal,phodal/opensource,2020-06-05T02:49:32Z,14,14,TypeScript,True,True,Mozilla Public License 2.0
phodal,phodal/mp,2017-11-02T07:35:25Z,12,12,JavaScript,True,True,MIT License
phodal,phodal/skillwheel,2017-05-14T14:12:42Z,51,51,CSS,True,True,MIT License
phodal,phodal/serverless-landingpage,2017-11-16T03:03:48Z,8,8,JavaScript,True,True,
phodal,phodal/growth-weekly,2016-10-25T14:47:44Z,16,16,,True,True,
phodal,phodal/wdsm,2017-11-03T07:59:51Z,5,5,JavaScript,True,True,MIT License
phodal,phodal/django-elasticsearch,2015-04-21T00:50:31Z,41,41,JavaScript,True,True,
phodal,phodal/romantic,2014-12-25T12:35:10Z,38,38,JavaScript,True,True,
phodal,phodal/serverless-qrcode-generate,2018-02-26T13:31:33Z,3,3,JavaScript,True,True,MIT License
phodal,phodal/pattern-languages,2021-04-19T02:25:41Z,4,4,,True,True,Mozilla Public License 2.0
phodal,phodal/wc-angular-demo,2018-08-08T12:07:12Z,5,5,JavaScript,True,True,
phodal,phodal/modern,2021-10-28T03:37:25Z,1,1,,True,True,
phodal,phodal/xizhi,2019-09-23T06:56:18Z,6,6,TypeScript,True,True,
phodal,phodal/mooa-boilerplate,2018-03-24T12:10:06Z,30,30,TypeScript,True,True,
phodal,phodal/EventStorming.UI,2017-03-24T16:04:15Z,1,1,TypeScript,True,True,MIT License
phodal,phodal/monitor,2021-04-05T05:45:49Z,3,3,C,True,True,
phodal,phodal/ledge-jekyll-demo,2020-05-21T04:34:15Z,3,3,,True,True,
phodal,phodal/code,2019-11-25T14:12:28Z,6,6,Go,True,True,MIT License
phodal,phodal/trace-demo,2021-04-25T07:33:11Z,0,0,,True,True,
phodal,phodal/monitor-api,2021-04-07T11:22:10Z,0,0,,True,True,GNU General Public License v3.0
phodal,phodal/records,2019-03-12T08:47:07Z,20,20,,True,True,
phodal,phodal/one,2019-05-16T12:05:46Z,8,8,TypeScript,True,True,Other
phodal,phodal/path,2019-01-21T14:41:58Z,8,8,CSS,True,True,MIT License
phodal,phodal/phodal.com,2018-05-16T12:54:57Z,9,9,JavaScript,True,True,MIT License
phodal,phodal/awesome-home-automation,2017-08-27T09:29:34Z,0,0,,True,True,
phodal,phodal/arche,2018-01-02T13:34:33Z,15,15,Kotlin,True,True,Other
phodal,phodal/designiot-app,2015-03-19T00:33:03Z,42,42,JavaScript,True,True,
phodal,phodal/book,2018-01-23T23:45:22Z,6,6,,True,True,MIT License
phodal,phodal/books,2017-10-23T07:22:03Z,25,25,,True,True,
phodal,phodal/vmap-bang,2016-04-04T01:56:23Z,2,2,JavaScript,True,True,MIT License
phodal,phodal/motree,2016-12-25T14:05:24Z,15,15,CSS,True,True,
phodal,phodal/evaluate-new-git-server,2019-05-21T05:06:23Z,10,10,,True,True,
phodal,phodal/phodal.github.io,2016-10-28T03:35:56Z,1,1,,True,True,
phodal,phodal/ddm,2016-06-20T12:12:32Z,29,29,JavaScript,True,True,MIT License
phodal,phodal/serverless-url-shorter,2017-11-17T01:34:03Z,5,5,JavaScript,True,True,
phodal,phodal/growth-in-action-hybird,2016-05-10T12:35:14Z,18,18,TypeScript,True,True,
phodal,phodal/tla,2019-01-20T23:17:16Z,7,7,JavaScript,True,True,MIT License
phodal,phodal/molog,2017-12-04T07:14:41Z,8,8,JavaScript,True,True,Other
phodal,phodal/chapi.tbs,2020-02-17T11:51:59Z,4,4,Kotlin,True,True,Mozilla Public License 2.0
phodal,phodal/logo,2020-04-10T01:25:38Z,1,1,JavaScript,True,True,
phodal,phodal/serverless-react-server-side-render,2017-10-30T07:28:40Z,20,20,JavaScript,True,True,MIT License
phodal,phodal/visual,2020-03-09T06:42:33Z,0,0,TypeScript,True,True,
phodal,phodal/dol,2019-11-06T15:28:15Z,6,6,TypeScript,True,True,Mozilla Public License 2.0
phodal,phodal/pitea,2020-02-20T12:50:21Z,1,1,Kotlin,True,True,Mozilla Public License 2.0
phodal,phodal/echeveria-editor,2015-11-18T01:39:32Z,18,18,CSS,True,True,MIT License
phodal,phodal/sixteen,2019-12-10T14:41:07Z,1,1,Go,True,True,
phodal,phodal/chapi.domain,2020-02-20T13:23:55Z,3,3,Kotlin,True,True,Mozilla Public License 2.0
phodal,phodal/mooa-app-online-build-demo,2018-04-02T23:51:49Z,1,1,TypeScript,True,True,
phodal,phodal/mooa-app-example,2018-03-14T07:31:20Z,2,2,JavaScript,True,True,
phodal,phodal/play-app,2017-08-10T12:44:04Z,3,3,JavaScript,True,True,MIT License
phodal,phodal/dsls,2019-12-05T05:32:24Z,3,3,,True,True,MIT License
phodal,phodal/serverless-cms,2017-11-15T00:01:47Z,3,3,JavaScript,True,True,
phodal,phodal/factor,2019-12-09T12:32:14Z,0,0,,True,True,MIT License
phodal,phodal/data,2019-11-25T23:53:08Z,0,0,ANTLR,True,True,MIT License
phodal,phodal/designiot-refs,2016-02-28T07:47:58Z,3,3,,True,True,Creative Commons Zero v1.0 Universal
phodal,phodal/coca-cpp,2019-10-30T14:57:34Z,1,1,ANTLR,True,True,
phodal,phodal/aofe,2018-10-26T02:11:58Z,2,2,JavaScript,True,True,MIT License
phodal,phodal/coca-java,2019-10-25T15:34:44Z,0,0,ANTLR,True,True,MIT License
phodal,phodal/draft,2017-06-12T08:46:03Z,3,3,,True,True,
phodal,phodal/android-play,2017-12-23T09:11:47Z,2,2,Kotlin,True,True,MIT License
phodal,phodal/20k,2016-12-13T00:46:14Z,4,4,JavaScript,True,True,
phodal,phodal/moimage,2017-07-20T04:41:53Z,1,1,JavaScript,True,True,MIT License
phodal,phodal/smart-lan,2015-12-15T14:36:41Z,1,1,,True,True,
phodal,phodal/generator-fay,2015-12-01T01:11:37Z,1,1,JavaScript,True,True,MIT License
phodal,phodal/fay-cli,2015-12-03T00:52:58Z,1,1,JavaScript,True,True,MIT License
phodal,phodal/mvc-collection,2015-12-09T12:48:26Z,1,1,JavaScript,True,True,
phodal,phodal/fay,2015-11-15T06:50:38Z,1,1,,True,True,MIT License
phodal,phodal/xunta,2015-04-12T12:37:32Z,5,5,JavaScript,True,True,
phodal,phodal/backbone-react,2015-03-30T13:09:14Z,47,47,JavaScript,True,True,
phodal,phodal/freerice,2014-10-21T18:48:18Z,22,22,JavaScript,True,True,
phodal,phodal/entry,2019-07-07T05:18:09Z,1,1,CSS,True,True,
phodal,phodal/react-ui-tree,2018-08-06T23:42:42Z,0,0,JavaScript,True,True,MIT License
phodal,phodal/wolenix,2019-07-03T14:16:50Z,0,0,,True,True,
phodal,phodal/opm,2019-07-01T23:23:26Z,2,2,,True,True,
phodal,phodal/ms-redirect,2019-06-21T11:57:56Z,1,1,,True,True,
phodal,phodal/unwx,2016-09-23T08:30:20Z,10,10,JavaScript,True,True,MIT License
phodal,phodal/moflow,2018-06-20T23:39:42Z,1,1,TypeScript,True,True,MIT License
phodal,phodal/moboard,2019-01-25T08:45:56Z,2,2,JavaScript,True,True,MIT License
phodal,phodal/hacking-scripts,2018-12-14T10:42:40Z,2,2,Shell,True,True,
phodal,phodal/rating,2019-01-22T07:25:19Z,2,2,JavaScript,True,True,MIT License
phodal,phodal/milano,2018-12-10T04:38:39Z,2,2,JavaScript,True,True,GNU General Public License v3.0
phodal,phodal/revelation,2017-12-16T01:57:03Z,4,4,,True,True,
phodal,phodal/mus,2018-01-30T14:40:31Z,1,1,TypeScript,True,True,MIT License
phodal,phodal/chinaware,2015-03-11T12:59:01Z,0,0,JavaScript,True,True,MIT License
phodal,phodal/remote-cli,2018-12-12T01:49:33Z,0,0,JavaScript,True,True,MIT License
phodal,phodal/clientless,2018-03-27T00:01:41Z,0,0,,True,True,
phodal,phodal/mooa-online-test,2018-03-13T11:49:45Z,0,0,CSS,True,True,
phodal,phodal/designiot-images,2016-02-28T07:20:00Z,3,3,,True,True,Creative Commons Zero v1.0 Universal
phodal,phodal/luffa,2015-12-06T08:49:18Z,9,9,JavaScript,True,True,MIT License
phodal,phodal/app-test-demo,2018-10-14T06:56:25Z,1,1,,True,True,MIT License
phodal,phodal/advisory,2018-09-12T14:06:00Z,0,0,,True,True,GNU General Public License v3.0
phodal,phodal/iot-csdn,2017-05-11T05:10:43Z,3,3,,True,True,
phodal,phodal/legan,2018-08-12T23:34:22Z,1,1,JavaScript,True,True,
phodal,phodal/dili,2017-08-07T01:35:57Z,1,1,JavaScript,True,True,MIT License
phodal,phodal/mifan,2018-08-03T02:40:20Z,3,3,TypeScript,True,True,
phodal,phodal/phodit-nlp,2018-07-20T01:23:20Z,1,1,JavaScript,True,True,
phodal,phodal/evolution-gitchat,2017-04-25T05:05:35Z,0,0,,True,True,
phodal,phodal/startup,2016-07-04T14:43:15Z,2,2,CSS,True,True,MIT License
phodal,phodal/ents,2018-05-27T13:51:16Z,0,0,,True,True,
phodal,phodal/anlog,2018-02-28T12:15:22Z,0,0,,True,True,MIT License
phodal,phodal/motable,2018-04-03T12:22:08Z,0,0,TypeScript,True,True,MIT License
phodal,phodal/mest-test,2018-03-28T14:02:28Z,0,0,,True,True,The Unlicense
phodal,phodal/moplay,2018-03-01T06:12:53Z,0,0,JavaScript,True,True,MIT License
phodal,phodal/bracket,2018-02-26T06:01:11Z,3,3,JavaScript,True,True,MIT License
phodal,phodal/soft,2018-02-26T01:55:00Z,1,1,JavaScript,True,True,Other
phodal,phodal/mifa.jekyll-test,2018-01-04T13:07:14Z,0,0,,True,True,
phodal,phodal/learning-nativescript,2018-01-03T13:42:52Z,1,1,TypeScript,True,True,
phodal,phodal/arche-webiew,2018-01-03T23:44:30Z,0,0,JavaScript,True,True,
phodal,phodal/serverless-hexo,2017-10-31T08:11:10Z,3,3,JavaScript,True,True,
phodal,phodal/dore-apprate,2017-12-17T14:57:19Z,0,0,Objective-C,True,True,Apache License 2.0
phodal,phodal/serverless-openwhisk-guide,2017-12-11T14:20:20Z,0,0,JavaScript,True,True,
phodal,phodal/balala,2017-12-09T03:25:19Z,0,0,,True,True,
phodal,phodal/serverless-session-demo,2017-12-04T01:07:06Z,0,0,JavaScript,True,True,
phodal,phodal/pmtool,2017-11-28T15:12:02Z,1,1,,True,True,MIT License
phodal,phodal/adrdoc,2017-11-27T13:38:41Z,0,0,,True,True,
phodal,phodal/toc,2017-11-22T15:26:52Z,0,0,JavaScript,True,True,
phodal,phodal/qa,2017-11-21T08:51:53Z,1,1,,True,True,GNU General Public License v3.0
phodal,phodal/aligenie-demo,2017-08-09T23:40:42Z,1,1,,True,True,MIT License
phodal,phodal/serverless-wechat,2017-11-02T06:33:05Z,1,1,JavaScript,True,True,
phodal,phodal/serverless-hexo-blog-static-files,2017-10-31T07:39:34Z,0,0,CSS,True,True,
phodal,phodal/make-code,2017-10-18T13:48:37Z,0,0,Arduino,True,True,MIT License
phodal,phodal/1024-scripts,2017-10-23T13:00:45Z,1,1,JavaScript,True,True,
phodal,phodal/iot-notes-image,2017-10-22T08:30:14Z,2,2,,True,True,
phodal,phodal/react-native-notag-datepicker,2017-08-16T06:50:17Z,0,0,Objective-C,True,True,Other
phodal,phodal/growth-web,2016-08-11T06:44:10Z,2,2,JavaScript,True,True,
phodal,phodal/piwik-issues,2017-08-02T08:25:47Z,12,12,,True,True,
phodal,phodal/rn-cordova-test-native,2017-04-10T14:34:53Z,1,1,JavaScript,True,True,MIT License
phodal,phodal/giveup,2017-08-14T14:32:09Z,0,0,,True,True,
phodal,phodal/wdsm-code-pieces,2017-07-27T04:37:52Z,0,0,Arduino,True,True,
phodal,phodal/playmd,2017-07-24T23:31:46Z,0,0,,True,True,
phodal,phodal/growth-ui,2017-07-20T15:36:11Z,0,0,,True,True,MIT License
phodal,phodal/growth-materials,2017-07-19T07:24:19Z,3,3,,True,True,
phodal,phodal/tutorials,2017-07-17T02:50:01Z,0,0,,True,True,MIT License
phodal,phodal/beacode,2017-06-26T13:18:18Z,1,1,JavaScript,True,True,
phodal,phodal/moLiterature,2017-07-12T07:39:31Z,0,0,,True,True,MIT License
phodal,phodal/growth-algorithm-api,2017-07-05T09:48:15Z,0,0,JavaScript,True,True,MIT License
phodal,phodal/growth-dp-api,2017-07-04T08:47:35Z,0,0,JavaScript,True,True,MIT License
phodal,phodal/demo-config,2017-06-22T03:49:59Z,0,0,,True,True,
phodal,phodal/chrome-59-show-setinterval-issue-code,2017-06-15T02:19:21Z,0,0,JavaScript,True,True,
phodal,phodal/alexa-echo-wechat,2017-06-07T06:49:32Z,0,0,,True,True,MIT License
phodal,phodal/growth-algorithms,2017-06-04T02:11:28Z,0,0,CSS,True,True,MIT License
phodal,phodal/pstyle,2017-05-21T13:59:24Z,0,0,,True,True,MIT License
phodal,phodal/growth-api-gitbook,2017-05-14T10:05:41Z,0,0,JavaScript,True,True,GNU General Public License v3.0
phodal,phodal/advanced-fe-code,2017-05-06T03:35:53Z,0,0,JavaScript,True,True,MIT License
phodal,phodal/flarum-ionic,2016-01-31T07:13:39Z,5,5,JavaScript,True,True,
phodal,phodal/snowhall,2017-02-17T13:25:38Z,2,2,JavaScript,True,True,MIT License
phodal,phodal/growth-weapp,2017-04-27T23:29:47Z,0,0,JavaScript,True,True,
phodal,phodal/esdsl,2017-04-07T04:45:39Z,0,0,JavaScript,True,True,
phodal,phodal/growth-paper-hybrid,2016-11-16T09:26:40Z,4,4,TypeScript,True,True,
phodal,phodal/mockfall,2017-02-26T13:17:15Z,0,0,JavaScript,True,True,
phodal,phodal/answer,2017-02-25T01:06:41Z,0,0,,True,True,
phodal,phodal/snowfall-server,2017-02-23T09:31:47Z,0,0,,True,True,
phodal,phodal/object,2017-02-16T05:01:03Z,0,0,CSS,True,True,
phodal,phodal/homepage,2017-01-17T04:36:27Z,0,0,CSS,True,True,MIT License
phodal,phodal/moGraph,2016-12-30T04:36:08Z,0,0,JavaScript,True,True,MIT License
phodal,phodal/growth-app-in-growth,2016-12-19T23:31:56Z,0,0,,True,True,Other
phodal,phodal/os,2016-11-10T23:45:53Z,0,0,CSS,True,True,MIT License
phodal,phodal/growth-marketing-html5,2016-12-12T23:16:58Z,1,1,JavaScript,True,True,MIT License
phodal,phodal/growth-resources,2016-12-04T01:57:17Z,1,1,,True,True,
phodal,phodal/ionic2-with-react-demo,2016-12-01T23:42:25Z,0,0,JavaScript,True,True,
phodal,phodal/AMA,2016-06-17T12:56:54Z,1,1,,True,True,MIT License
phodal,phodal/radar-backup,2016-11-07T12:34:54Z,2,2,,True,True,
phodal,phodal/phoword,2016-11-07T23:29:00Z,0,0,JavaScript,True,True,MIT License
phodal,phodal/impact,2016-09-22T01:43:28Z,0,0,,True,True,
phodal,phodal/mole-web,2016-08-25T15:18:25Z,0,0,JavaScript,True,True,
phodal,phodal/react-electron-cordova-boilerplate,2016-08-23T03:25:10Z,0,0,,True,True,MIT License
phodal,phodal/ebook-mobile,2016-06-05T23:33:36Z,2,2,JavaScript,True,True,MIT License
phodal,phodal/dream-coastline,2016-05-30T16:45:14Z,0,0,,True,True,Creative Commons Zero v1.0 Universal
phodal,phodal/solutions-content,2016-05-26T16:03:44Z,0,0,,True,True,Creative Commons Zero v1.0 Universal
phodal,phodal/solutions-editor,2016-05-25T23:49:33Z,0,0,JavaScript,True,True,MIT License
phodal,phodal/solutions,2016-05-22T15:45:28Z,0,0,JavaScript,True,True,Creative Commons Zero v1.0 Universal
phodal,phodal/xo,2016-05-08T13:25:31Z,0,0,,True,True,MIT License
phodal,phodal/vmap-bot,2016-04-05T09:12:42Z,1,1,JavaScript,True,True,MIT License
phodal,phodal/vmap-four,2016-04-03T03:14:18Z,4,4,JavaScript,True,True,MIT License
phodal,phodal/xunv,2016-03-30T15:53:19Z,1,1,JavaScript,True,True,MIT License
phodal,phodal/padbot,2016-02-25T03:27:32Z,0,0,JavaScript,True,True,
phodal,phodal/learning-ionic2,2016-01-31T15:19:37Z,1,1,JavaScript,True,True,
phodal,phodal/tips,2016-01-30T03:47:58Z,1,1,,True,True,
phodal,phodal/oculus-leap-motion-example,2015-11-24T13:36:53Z,1,1,JavaScript,True,True,
liyupi,liyupi/codefather,2021-04-20T14:12:13Z,5677,5677,Vue,True,True,
liyupi,liyupi/yu-rpc,2024-02-19T02:32:35Z,412,412,Java,True,True,
